city_id,city,country
16056,Phuket,Thailand
17193,Bali,Indonesia
8584,Pattaya,Thailand
16223,Kanchanaburi,Thailand
17026,Koh Lanta,Thailand
17222,Ko Samet,Thailand
7401,Chiang Mai,Thailand
19436,Bintan Island,Indonesia
9395,Bangkok,Thailand
8691,Jakarta,Indonesia
15936,Phitsanulok,Thailand
4816,Phnom Penh,Cambodia
14865,Krabi,Thailand
9312,Hat Yai,Thailand
16552,Hoi An,Vietnam
17019,Hua Hin / Cha-am,Thailand
13170,Ho Chi Minh City,Vietnam
16919,Luang Prabang,Laos
12384,Lampang,Thailand
17704,Ayutthaya,Thailand
17023,Koh Chang,Thailand
16917,Siem Reap,Cambodia
14018,Yogyakarta,Indonesia
205026,Khao Kho,Thailand
10779,Surabaya,Indonesia
17198,Koh Samui,Thailand
9360,Davao City,Philippines
19704,Tak,Thailand
17191,Khao Lak,Thailand
16842,Lombok,Indonesia
102488,Tangerang,Indonesia
12546,Sukhothai,Thailand
15903,Boracay Island,Philippines
1622,Manila,Philippines
18943,Bandung,Indonesia
15932,Dalat,Vietnam
16185,Palawan,Philippines
10871,Vientiane,Laos
21284,Medan,Indonesia
19392,Batam Island,Indonesia
4001,Cebu,Philippines
217,Rayong,Thailand
16079,Cần Thơ,Vietnam
17162,Chau Doc (An Giang),Vietnam
16440,Da Nang,Vietnam
17161,Haiphong,Vietnam
2758,Hanoi,Vietnam
3738,Hue,Vietnam
2679,Nha Trang,Vietnam
16264,Phan Thiet,Vietnam
17188,Phu Quoc Island,Vietnam
17160,Sapa,Vietnam
17190,Vung Tau,Vietnam
204512,Chiang Saen (Chiang Rai),Thailand
4234,Chiang Rai,Thailand
15395,Mae Hong Son,Thailand
7233,Khon Kaen,Thailand
15878,Ko Phi Phi,Thailand
17196,Baguio,Philippines
10562,Bacolod (Negros Occidental),Philippines
78905,Pai,Thailand
17793,Phetchaburi,Thailand
17036,Loei,Thailand
4682,Trang,Thailand
17389,Ko Tao,Thailand
17402,Ko Pha-ngan,Thailand
10787,Udon Thani,Thailand
7835,Colombo,Sri Lanka
10136,Negombo,Sri Lanka
11158,Kandy,Sri Lanka
14130,Bentota,Sri Lanka
12829,Wadduwa,Sri Lanka
17331,Sihanoukville,Cambodia
17242,Quy Nhon (Binh Dinh),Vietnam
17245,Ninh Bình,Vietnam
17182,Hạ Long,Vietnam
5414,Malang,Indonesia
19359,Semarang,Indonesia
18878,Magelang,Indonesia
21740,Bogor,Indonesia
2570,Surat Thani,Thailand
702243,Nakhonratchasima,Thailand
6771,Ubon Ratchathani,Thailand
105626,Nong Khai,Thailand
17794,Prachinburi,Thailand
17790,Nakhon Si Thammarat,Thailand
102461,Phang Nga,Thailand
19438,Manado,Indonesia
23732,Makassar,Indonesia
16115,Nan,Thailand
17762,Lopburi,Thailand
11743,Phrae,Thailand
17766,Uttaradit,Thailand
15308,Nakhon Sawan,Thailand
720988,Ilocos Norte,Philippines
17005,Khao Yai,Thailand
18732,Prachuap Khiri Khan,Thailand
18230,Sigiriya,Sri Lanka
18215,Batangas,Philippines
16429,Bohol,Philippines
178410,Pasay City,Philippines
18218,Tagaytay,Philippines
21506,Samarinda,Indonesia
204544,Chom Thong,Thailand
21675,Koh Mak (Trad),Thailand
10008,Nuwara Eliya,Sri Lanka
80019,Bandarawela,Sri Lanka
2961,Surakarta,Indonesia
18044,Hoa Binh,Vietnam
256217,Xieng Khouang,Laos
18909,Battambang,Cambodia
18910,Kep,Cambodia
720012,General Trias,Philippines
19543,Tarlac,Philippines
17787,Chonburi,Thailand
18874,Puerto Galera,Philippines
19391,Pekanbaru,Indonesia
390172,Yala,Sri Lanka
21557,Phan Rang – Tháp Chàm (Ninh Thuận),Vietnam
19657,Dien Bien Phu,Vietnam
17799,Uthai Thani,Thailand
88776,Balikpapan,Indonesia
716194,Bromo,Indonesia
78901,Palembang,Indonesia
390238,Parapat,Indonesia
102505,Trawas,Indonesia
105624,Blitar,Indonesia
214880,Pelabuhan Ratu,Indonesia
19623,Cirebon,Indonesia
19625,Bandar Lampung,Indonesia
719280,Mengkendek,Indonesia
5152,Bekasi,Indonesia
21741,Anyer,Indonesia
21719,Berastagi,Indonesia
19622,Bukittinggi,Indonesia
18881,Padang,Indonesia
19944,Butuan,Philippines
19768,Galle,Sri Lanka
115666,Vinh,Vietnam
21501,Cua Lo Beach,Vietnam
18866,Đồng Hới (Quảng Bình),Vietnam
19806,Aceh,Indonesia
262,Hikkaduwa,Sri Lanka
21265,Pakse,Laos
21268,Vang Vieng,Laos
21676,Koh Kood,Thailand
18875,Angeles / Clark,Philippines
21529,Narathiwat,Thailand
19433,Chanthaburi,Thailand
106065,Banyuwangi,Indonesia
512948,Puncak,Indonesia
18871,Dumaguete,Philippines
19341,Kamphaeng Phet,Thailand
105948,Irian Jaya / Papua,Indonesia
17798,Trat,Thailand
702173,Bolinao,Philippines
105662,Ko Lipe,Thailand
17764,Nonthaburi,Thailand
105977,Palu,Indonesia
17791,Nakhon Phanom,Thailand
168845,Cabanatuan,Philippines
17243,Cat Ba Island,Vietnam
23740,Legazpi,Philippines
78906,Pleiku (Gia Lai),Vietnam
78908,Tuy Hòa (Phú Yên),Vietnam
709097,Bacacay,Philippines
102498,Tarakan,Indonesia
102497,Banjarmasin,Indonesia
18872,Laguna,Philippines
710954,Tatai,Cambodia
19624,Pontianak,Indonesia
19603,Buon Ma Thuot,Vietnam
719582,Goron Talo,Indonesia
88775,Can Gio,Vietnam
17796,Saraburi,Thailand
161657,Cikarang,Indonesia
102496,Ketapang,Indonesia
102326,Siquijor Island,Philippines
17765,Surin,Thailand
102464,Ratchaburi,Thailand
18912,Kampong Thom,Cambodia
115635,Hai Duong,Vietnam
174674,Kelaniya,Sri Lanka
2085,Iloilo,Philippines
18868,Bataan,Philippines
19621,Banten,Indonesia
105625,Amphawa (Samut Songkhram),Thailand
105652,Côn Đảo Islands,Vietnam
669526,Labuan Bajo,Indonesia
204500,Chiang Khong (Chiang Rai),Thailand
513355,Mae Sai (Chiang Rai),Thailand
105614,Kediri,Indonesia
105938,Buriram,Thailand
105945,Sisaket,Thailand
21253,Lamphun,Thailand
19925,Jambi,Indonesia
105965,Chiangkhan,Thailand
101019,Ambon,Indonesia
106088,Koh Jum / Koh Pu (Krabi),Thailand
18869,Cagayan De Oro,Philippines
17383,Chumphon,Thailand
105970,Trincomalee,Sri Lanka
17041,Mukdahan,Thailand
106056,Pangandaran,Indonesia
106013,Kendari,Indonesia
17772,Sumbawa,Indonesia
106067,Quang Ngai,Vietnam
18226,Anuradhapura,Sri Lanka
182702,Unawatuna,Sri Lanka
106046,Belitung,Indonesia
106038,Bangka,Indonesia
105999,Kupang,Indonesia
18976,Flores,Indonesia
106023,Palangkaraya,Indonesia
734776,Mabuun,Indonesia
734783,Sungai Sekonyer,Indonesia
669527,Ende,Indonesia
105996,Khao Sok (Suratthani),Thailand
18041,Siargao Island,Philippines
106079,Pekalongan,Indonesia
207668,Mae Suai / Wiang Pa Pao,Thailand
106083,Champasak,Laos
106084,Thakhek,Laos
106122,Calapan,Philippines
21396,Polonnaruwa,Sri Lanka
106119,Kitulgala,Sri Lanka
10803,Kalutara,Sri Lanka
17022,Nakhon Pathom,Thailand
292835,Koh Phayam (Ranong),Thailand
1037,Ranong,Thailand
20010,Tangalle,Sri Lanka
512866,Mirissa,Sri Lanka
161814,Karawang,Indonesia
161749,Jember,Indonesia
161623,Bengkulu,Indonesia
106057,Garut,Indonesia
204562,Chum Phae,Thailand
214881,Tawangmangu,Indonesia
246854,Bondowoso,Indonesia
14472,Purwakarta,Indonesia
105991,Bien Hoa (Dong Nai),Vietnam
204064,Lang Son,Vietnam
214610,Sing Buri,Thailand
127869,Pathum Thani,Thailand
390130,Dumai,Indonesia
256216,Tulungagung,Indonesia
230398,Tam Dao (Vinh Phuc),Vietnam
720020,Nasugbu,Philippines
105661,Thanh Hoá / Sầm Sơn Beach,Vietnam
161752,Madiun,Indonesia
246860,Cepu,Indonesia
18217,Subic (Zambales),Philippines
718883,Thuận An,Vietnam
281649,Pailin,Cambodia
513025,Rantepao,Indonesia
671811,Mae Salong (Chiang Rai),Thailand
711921,Pinnawala,Sri Lanka
18870,Cavite,Philippines
390127,Sawahlunto,Indonesia
105961,Camiguin,Philippines
292865,Kudus,Indonesia
390119,Pacitan,Indonesia
106070,Salatiga,Indonesia
180098,San Fernando (Pampanga),Philippines
292837,Parepare,Indonesia
390120,Sorong,Indonesia
728012,Nui Thanh,Vietnam
161765,Banjarbaru,Indonesia
115678,Bình Dương,Vietnam
390132,Gorontalo,Indonesia
725719,Hat Kham,Laos
106068,Lao Cai City,Vietnam
115629,Ca Mau,Vietnam
390164,Merauke,Indonesia
256218,Eastern Samar,Philippines
728042,Pandan,Philippines
17789,Nakhon Nayok,Thailand
14632,Beruwala,Sri Lanka
16089,Phetchabun,Thailand
256223,Tasikmalaya,Indonesia
390221,Sarolangun,Indonesia
17392,Songkhla,Thailand
709819,Kalianda,Indonesia
17788,Kalasin,Thailand
390224,Cauayan  (Negros Occidental),Philippines
214043,Mahasarakham,Thailand
17330,Marawila,Sri Lanka
204065,Nam Dinh,Vietnam
226261,Madagui (Dalat),Vietnam
214070,Sakon Nakhon,Thailand
106095,Ella,Sri Lanka
127844,Chachoengsao,Thailand
127898,Suphan Buri,Thailand
214879,Chaiyaphum,Thailand
219881,Cai Be (Tien Giang),Vietnam
512726,Savannakhet,Laos
669640,Sungai Liat,Indonesia
710708,Muang Xai,Laos
221398,Dien Chau,Vietnam
115754,Thai Nguyen,Vietnam
161741,Tegal,Indonesia
161798,Duri,Indonesia
512743,Tentena,Indonesia
18913,Kampot,Cambodia
226263,Mai Chau (Hoa Binh),Vietnam
719283,Panawuan,Indonesia
177217,Naga City,Philippines
230985,Ha Tinh,Vietnam
205432,Mae Ai,Thailand
174484,Kalibo,Philippines
702026,Surigao City,Philippines
183562,Wattala,Sri Lanka
390125,Kalpitiya,Sri Lanka
512859,Pasikuda,Sri Lanka
204495,Chiang Dao,Thailand
127871,Phayao,Thailand
214967,My Tho (Tien Giang),Vietnam
102475,Sorsogon,Philippines
20002,Roxas City (Capiz),Philippines
716359,Ou Chrov,Cambodia
161737,Purwokerto,Indonesia
127848,Fang,Thailand
172137,General Santos City,Philippines
709105,Donsol,Philippines
207412,Thoeng,Thailand
174145,Iriga City,Philippines
513061,Pemalang,Indonesia
512736,Muang Khong,Laos
19821,Kratie,Cambodia
710778,Pangkalanbuun,Indonesia
702167,Rathnapura,Sri Lanka
161718,Cilacap,Indonesia
106085,Banlung,Cambodia
167971,Binangonan,Philippines
175256,La Union,Philippines
709101,Caramoan,Philippines
115742,Tam Ky (Quang Nam),Vietnam
513014,Ponorogo,Indonesia
214543,Samut Songkhram,Thailand
671675,Polomolok,Philippines
218905,Bao Loc,Vietnam
115622,Long Xuyen (An Giang),Vietnam
166818,Antipolo,Philippines
182541,Tuguegarao City,Philippines
105960,Koh Sriboya (Krabi),Thailand
204059,Cao Lanh (Dong Thap),Vietnam
513148,Bueng Kan,Thailand
21266,Pakbeng,Laos
390178,Arugam Bay,Sri Lanka
180078,San Carlos (Negros Occidental),Philippines
115735,Vinh Yen (Vinh Phuc),Vietnam
166772,Angono,Philippines
709099,Santo Domingo (Albay),Philippines
214338,Phatthalung,Thailand
390180,Udawalawe,Sri Lanka
18867,Lai Chau,Vietnam
725722,Beng,Laos
710902,Sipalay,Philippines
702236,Manolo Fortich,Philippines
512968,Samosir,Indonesia
8026,Pasuruan,Indonesia
513400,Sen Monorom,Cambodia
170959,Embilipitiya,Sri Lanka
167622,Batticaloa,Sri Lanka
728041,Libertad (Antique),Philippines
175919,Lucena,Philippines
204067,Dong Ha (Quang Tri),Vietnam
19476,Banaue,Philippines
225574,Lao Bao,Vietnam
390245,Ilocos Sur,Philippines
21721,Probolinggo,Indonesia
671651,Baler,Philippines
204056,Ben Tre,Vietnam
728076,Dieng Kulon,Indonesia
713198,Bauang,Philippines
228387,Phong Nha,Vietnam
734855,Nemberala,Indonesia
716205,Kotapola,Sri Lanka
711076,Hinoba-an,Philippines
19958,Dipolog,Philippines
702288,Catarman,Philippines
702289,Borongan,Philippines
176409,Masbate,Philippines
702234,Valencia (Bukidnon),Philippines
178025,Ormoc,Philippines
702262,Maasin,Philippines
702264,Sogod,Philippines
702249,Baybay,Philippines
174130,Ipil,Philippines
512939,Ozamiz City,Philippines
512930,Pagadian City,Philippines
719782,Sukaresik,Indonesia
214600,Si Thep,Thailand
167320,Badulla,Sri Lanka
669520,Ujung Genteng,Indonesia
115753,Thai Binh,Vietnam
512875,Klaten,Indonesia
115734,Vinh Long,Vietnam
106012,Rach Gia (Kien Giang),Vietnam
174278,Jaffna,Sri Lanka
176243,Mannar,Sri Lanka
671622,Jepara,Indonesia
214541,Samut Prakan,Thailand
669567,Boyolali,Indonesia
711916,Dompe,Sri Lanka
512877,Ciamis,Indonesia
512735,Sa Kaeo,Thailand
106093,Weligama,Sri Lanka
207216,Takhli  (Nakhon Sawan),Thailand
80017,Gampaha,Sri Lanka
115740,Phuc Yen,Vietnam
513243,Houayxay,Laos
205433,Mae Chaem,Thailand
19347,Luang Namtha,Laos
669642,Long Thanh,Vietnam
175110,Kurunegala,Sri Lanka
671595,Padang Sidempuan,Indonesia
711616,San Jose del Monte,Philippines
671602,Tarutung,Indonesia
716202,Sewanagala,Sri Lanka
220366,Cho Lach,Vietnam
671654,Candelaria (Quezon),Philippines
702248,Tacloban City,Philippines
513047,Sibolga,Indonesia
17797,Satun,Thailand
513057,Jombang,Indonesia
716366,Serei Saophoan,Cambodia
170340,Digos,Philippines
737694,Sindangan,Philippines
513608,Romblon,Philippines
716374,Pathounphone,Laos
512966,Pematangsiantar,Indonesia
671803,Tambolaka,Indonesia
513609,Nong Khiaw,Laos
716349,Doun Kaev,Cambodia
292827,Lubuklinggau,Indonesia
179122,Quezon City,Philippines
702181,Tagum,Philippines
708966,Matara,Sri Lanka
702291,Nam Cat Tien,Vietnam
178314,Panadura,Sri Lanka
513226,Karimunjawa,Indonesia
710566,Koh Rong Sanloem,Cambodia
735618,Wangiwangi Island,Indonesia
513433,Mahiyanganaya,Sri Lanka
716203,Moneragala,Sri Lanka
688629,Catanduanes,Philippines
204438,Chai Prakan,Thailand
688643,Bagabag,Philippines
176435,Matale,Sri Lanka
694528,Baturaja,Indonesia
690284,Basco,Philippines
12820,Sukabumi,Indonesia
170092,Daet,Philippines
182782,Urdaneta,Philippines
702265,Padre Burgos,Philippines
711920,Koh Rong,Cambodia
512755,Raja Ampat,Indonesia
176192,Malolos,Philippines
688616,Sagada,Philippines
710706,Muang Pakxong,Laos
390175,Hanwella,Sri Lanka
168722,Bulacan,Philippines
701598,Aparri,Philippines
671627,Castillejos,Philippines
204055,Bac Lieu,Vietnam
514513,Infanta,Philippines
178650,Piliyandala,Sri Lanka
702032,Macrohon,Philippines
716361,Phnum Sruoch,Cambodia
707842,Martapura,Indonesia
17795,Roi Et,Thailand
671806,Bojonegoro,Indonesia
671710,Lingayen,Philippines
214025,Amnat Charoen,Thailand
513344,Kegalle,Sri Lanka
161893,Depok,Indonesia
702139,Naval,Philippines
702150,Ruteng,Indonesia
513512,Wonosobo,Indonesia
204060,Ha Giang,Vietnam
702156,Lahat,Indonesia
711797,Guimaras Island,Philippines
716197,Arachchikattuwa,Sri Lanka
669602,Wellawaya,Sri Lanka
702166,Cauayan,Philippines
728077,Waigete,Indonesia
21947,Dagupan,Philippines
174434,Kabankalan,Philippines
719583,Salahutu,Indonesia
178248,Padukka,Sri Lanka
700521,Bais,Philippines
706683,San Fabian,Philippines
174011,Iligan City,Philippines
168038,Biyagama,Sri Lanka
204063,Kon Tum,Vietnam
725721,Na Hin,Laos
702252,Hilongos,Philippines
213492,Chai Nat,Thailand
718314,Merek,Indonesia
706682,Alaminos City,Philippines
102465,Mojokerto,Indonesia
720507,Nintavur,Sri Lanka
671574,Pursat,Cambodia
728063,Dapitan City,Philippines
292838,Singkawang,Indonesia
18865,Bac Ha (Lao Cai),Vietnam
5781,Zamboanga City,Philippines
728047,San Jacinto,Philippines
161787,Bone,Indonesia
710960,Tbeng Meanchey,Cambodia
705347,Tanjung Balai Karimun,Indonesia
513121,Binjai,Indonesia
513553,Sinharaja,Sri Lanka
709724,Pandeglang,Indonesia
716347,Chbar Mon,Cambodia
161760,Tuban,Indonesia
702284,Tanete,Indonesia
161720,Demak,Indonesia
708968,Almeria,Philippines
710398,Elpitiya,Sri Lanka
179089,Puttalam,Sri Lanka
671637,Muang Ngoy,Laos
205767,Na Noi,Thailand
179273,Ratnapura,Sri Lanka
719281,Karangtanjung,Indonesia
671700,Bangued,Philippines
705374,Batulicin,Indonesia
18911,Kampong Cham,Cambodia
161781,Babakan,Indonesia
214542,Samut Sakhon,Thailand
180200,San Rafael,Philippines
102473,Malay,Philippines
705380,Berau,Indonesia
688641,Candelaria (Zambales),Philippines
702027,Tandag,Philippines
737056,Gerona,Philippines
709110,Lucban,Philippines
736605,Gal Oya,Sri Lanka
204053,Bac Giang,Vietnam
694517,Tanay,Philippines
115756,Thanh Hóa,Vietnam
706685,Sablayan,Philippines
706222,Rembang,Indonesia
709119,Lake Sebu,Philippines
670825,Iba,Philippines
669620,Ca Na Beach (Ninh Thuan),Vietnam
702158,San Jose (Mindoro Occidental),Philippines
717268,Labrador,Philippines
17800,Yasothon,Thailand
181878,Tabaco,Philippines
204080,Ang Thong,Thailand
734820,Kastela,Indonesia
204766,Hot,Thailand
161866,Tanjung Selor,Indonesia
710775,Paiton,Indonesia
710831,Rantauprapat,Indonesia
710599,Labuhanpandan,Indonesia
711093,San Joaquin,Philippines
168904,Cainta,Philippines
115658,Ap Ke My,Vietnam
710707,Muang Sing,Laos
711615,Chantrea,Cambodia
706696,Purbalingga,Indonesia
513358,Banjarnegara,Indonesia
513610,Koun Kham,Laos
720976,Ly Son,Vietnam
512833,Lumajang,Indonesia
513232,Majayjay,Philippines
716369,Stueng Saen,Cambodia
223145,Huyen Gio Linh,Vietnam
669494,Bitung,Indonesia
720973,Tu Son (Bac Ninh),Vietnam
716212,Pothuvil,Sri Lanka
222447,Hai Ha,Vietnam
226464,Moc Chau,Vietnam
115625,Bac Ninh,Vietnam
669576,Bukit Lawang,Indonesia
161769,Sampit,Indonesia
716353,Kampong Svay,Cambodia
513171,Nong Bua Lam Phu,Thailand
712528,Pintuyan,Philippines
176012,Mabalacat,Philippines
169182,Carmona,Philippines
710946,Tana Paser,Indonesia
204071,Tuyen Quang,Vietnam
720977,Tanh Gia (Thanh Hoa),Vietnam
220463,Chuc Tchia,Vietnam
161831,Kuningan,Indonesia
737466,Deli Serdang,Indonesia
734771,Watukarung,Indonesia
710709,Muaraenim,Indonesia
734793,Tanjung Redeb,Indonesia
205333,Lahan Sai,Thailand
513178,Koronadal City,Philippines
513611,Pati,Indonesia
180422,Santiago,Philippines
719585,Ambalantota,Sri Lanka
732137,Buruanga,Philippines
390131,Ternate,Indonesia
734856,Oenggaut,Indonesia
229505,Quan Ba,Vietnam
512733,Oudomxay,Laos
215135,Tan Hiep,Vietnam
513528,Cabangan,Philippines
709532,Timika,Indonesia
175418,Lapu-Lapu City,Philippines
737403,Pulisan,Indonesia
702285,Haputale,Sri Lanka
719284,Gunung Putri,Indonesia
161757,Sidoarjo Regency,Indonesia
205144,Khong Chiam,Thailand
726300,Kekirawa,Sri Lanka
167415,Baliuag,Philippines
127873,Pichit,Thailand
728006,Nam Can (Ca Mau),Vietnam
513379,Kendal,Indonesia
176726,Mirigama,Sri Lanka
222751,Hoang Mai,Vietnam
713202,Madura Island,Indonesia
734760,Grajagan,Indonesia
219949,Cam Pha,Vietnam
734927,Sampe Raya,Indonesia
734928,Timbang Lawan,Indonesia
166679,Ambalangoda,Sri Lanka
232995,Vinh Phuc,Vietnam
728013,Ba Thuoc,Vietnam
204057,Cao Bang,Vietnam
513059,Kotamobagu,Indonesia
720974,Ba Be,Vietnam
734798,Singa Gembara,Indonesia
21264,Phonesavanh,Laos
728010,Con Cuong  (Nghe An),Vietnam
214644,Su-ngai Kolok,Thailand
390118,Purwodadi,Indonesia
734789,Maratua Teluk Harapan,Indonesia
725381,Langgur,Indonesia
717267,Plaridel (Bulacan),Philippines
214282,Pak Kret,Thailand
717240,Dingalan,Philippines
716345,Baray,Cambodia
718890,Minuwangoda,Sri Lanka
513368,Stung Treng,Cambodia
213848,Ko Lanta Noi,Thailand
734764,Paciran,Indonesia
700531,San Carlos (Pangasinan),Philippines
213453,Betong,Thailand
701596,San Mateo,Philippines
183072,Vavuniya,Sri Lanka
390174,Belihuloya,Sri Lanka
734907,Pondang,Indonesia
736598,Maspotha,Sri Lanka
204066,Viet Tri (Phu Tho),Vietnam
728036,Javier,Philippines
513106,Luwuk,Indonesia
705325,Kebumen,Indonesia
115751,Tay Ninh,Vietnam
513503,Chilaw,Sri Lanka
710375,Diyatalawa,Sri Lanka
734845,Sekongkang Bawah,Indonesia
738757,Dikwella,Sri Lanka
670826,Majalengka,Indonesia
709112,Waingapu,Indonesia
734755,Karangturi,Indonesia
167211,Avissawella,Sri Lanka
221883,Dong Van,Vietnam
719776,Quan Hau,Vietnam
176135,Makandura,Sri Lanka
710729,Nallathanniya,Sri Lanka
734881,Macanang,Indonesia
734785,Gunung Bahagia,Indonesia
204061,Phu Ly (Ha Nam),Vietnam
734740,Songgom,Indonesia
717436,Capas,Philippines
710364,Deniyaya,Sri Lanka
711810,Gunungsitoli,Indonesia
710621,Louang Namtha,Laos
161717,Bedoyo,Indonesia
226502,Mu Cang Chai,Vietnam
706678,Brebes,Indonesia
734934,Aek Tolang,Indonesia
734882,Tanah Kongkong,Indonesia
734930,Botohilitano,Indonesia
115748,Soc Trang,Vietnam
734759,Sumberagung,Indonesia
718288,Bani,Philippines
711720,Mauban,Philippines
702299,Santa Ana (Cagayan),Philippines
728067,Carles,Philippines
710784,Passara,Sri Lanka
734826,Buwun Mas,Indonesia
717629,Nakai,Laos
736604,Komari,Sri Lanka
734829,Mangkung,Indonesia
222717,Hoai Duc Phu,Vietnam
390128,Sragen,Indonesia
115657,Ap Binh Thi,Vietnam
223230,Huyen Long Khanh,Vietnam
734862,Wula Waiijelu,Indonesia
736091,Ibajay,Philippines
734813,Saleman,Indonesia
175522,Legaspi City,Philippines
734823,Huu,Indonesia
21673,Ha Tien (Kien Giang),Vietnam
732943,Muang La,Laos
720560,Ampana,Indonesia
229817,Sa Dec,Vietnam
669525,Maumere,Indonesia
728045,Nabas,Philippines
712892,Simeulue Island,Indonesia
708960,Tanjung Balai,Indonesia
669539,Botolan,Philippines
230082,Song Cau,Vietnam
728014,Yen Binh (Yen Bai),Vietnam
734854,Boa,Indonesia
732139,Hinatuan,Philippines
720994,Hunumulla,Sri Lanka
736606,Thanamalvila,Sri Lanka
127901,Yala,Thailand
234568,Yen Minh,Vietnam
204068,Son La,Vietnam
720013,Ilagan,Philippines
232772,Van Giang,Vietnam
735692,Nong Hong (Buri Ram),Thailand
706671,Karanganyar,Indonesia
221169,Dam Thuy,Vietnam
734841,Beru,Indonesia
512857,Gresik,Indonesia
513275,Maskeliya,Sri Lanka
720011,Calasiao,Philippines
737657,Lam Ha (Lam Dong),Vietnam
19644,Sumba Island,Indonesia
737234,Santa Monica,Philippines
717445,Matnog,Philippines
728035,Calatrava,Philippines
204058,Gia Nghia (Dak Nong),Vietnam
671794,Caticlan / Malay,Philippines
737407,Tebing Tinggi,Indonesia
709495,Balige,Indonesia
710839,Rinondoran,Indonesia
19626,Tana Toraja,Indonesia
734769,Seloliman,Indonesia
390177,Ambepussa,Sri Lanka
712971,Kalalgoda,Sri Lanka
720009,Bay,Philippines
728004,Binh Long (Binh Phuoc),Vietnam
737436,North Tapanuli,Indonesia
709098,Daraga,Philippines
736610,Devinuwara,Sri Lanka
716207,Mahawa,Sri Lanka
513134,Nganjuk,Indonesia
711860,Pulau Una Una,Indonesia
220864,Da Deum,Vietnam
700530,Palayan,Philippines
709718,La Trinidad,Philippines
734863,Taubneno,Indonesia
734893,Tanjung Pude,Indonesia
224382,Kon Von Kle,Vietnam
513321,Meulaboh,Indonesia
513264,Binan,Philippines
183157,Veyangoda,Sri Lanka
205656,Mueang Suang,Thailand
206679,Phrao,Thailand
179178,Ragama,Sri Lanka
228115,Pac Xin,Vietnam
204072,Yen Bai,Vietnam
161817,Kebonkacang,Indonesia
734925,Namu Sialang,Indonesia
719278,Moyo Island,Indonesia
161889,Sigunturmuda,Indonesia
512984,Mentawai Island,Indonesia
734858,Gaura,Indonesia
725478,Siborongborong,Indonesia
728034,Palompon,Philippines
708969,Biliran,Philippines
718312,Teluk Dalam,Indonesia
220860,Da Chang,Vietnam
728038,Lawaan,Philippines
222832,Hong Ngu,Vietnam
223243,Huyen Mang Yang,Vietnam
105980,Talisay (Negros Occidental),Philippines
115709,Nghia Lo,Vietnam
161614,Langsa,Indonesia
734835,Mekar Sari,Indonesia
737734,Mexico (Pampanga),Philippines
161807,Kabil,Indonesia
737406,Kotabaru,Indonesia
737469,Cantilan,Philippines
736622,Balangoda,Sri Lanka
734768,Sarangan,Indonesia
17792,Pattani,Thailand
734920,Kasang,Indonesia
734939,Pagerharjo,Indonesia
734743,Mancagahar,Indonesia
728008,Ninh Hoa (Khanh Hoa),Vietnam
161656,Cikande,Indonesia
736620,Kadawatha,Sri Lanka
734938,Ngargosari,Indonesia
181924,Taguig,Philippines
734940,Sendangagung,Indonesia
221359,Di Linh,Vietnam
669511,Phan,Thailand
734718,Matanurung,Indonesia
217290,Ban Coc Lua,Vietnam
226477,Mong Cai,Vietnam
223307,Huyen Phu Quy,Vietnam
728028,Magalang,Philippines
709496,Palopo,Indonesia
513269,Kisaran,Indonesia
176157,Malaybalay,Philippines
225593,Lao San Chay,Vietnam
172288,Gloria,Philippines
720008,Bacolor,Philippines
176013,Mabini (Davao de Oro),Philippines
221974,Duc Trong,Vietnam
737410,Tinggimoncong,Indonesia
734933,Bahapal Raya,Indonesia
513388,Lhokseumawe,Indonesia
513076,Payakumbuh,Indonesia
735615,Kutacane,Indonesia
720546,Wakatobi,Indonesia
711127,Baubau,Indonesia
512858,Mamuju,Indonesia
161804,Indramayu,Indonesia
223019,Huyen Bac Binh,Vietnam
214441,Prathai,Thailand
513056,Sumedang,Indonesia
734937,Hargowilis,Indonesia
706697,Ngawi,Indonesia
179580,Rodriguez,Philippines
737399,Pesawaran Regency,Indonesia
716209,Akmeemana,Sri Lanka
216625,Ap Thien Phuoc,Vietnam
726301,Panama,Sri Lanka
232259,Trai Mat,Vietnam
161850,Prabumulih,Indonesia
728074,Pagar Alam,Indonesia
19931,Ahangama,Sri Lanka
512920,Pangkal Pinang,Indonesia
702165,Batusangkar,Indonesia
223174,Huyen Hoai Nhon,Vietnam
223237,Huyen Luong Son,Vietnam
734836,Sapit,Indonesia
106118,Talalla,Sri Lanka
216927,Ba Ria,Vietnam
716213,Kilinochchi,Sri Lanka
737427,Ogan Komering Ilir,Indonesia
115652,Khanh Hoa,Vietnam
230898,Thanh Pho Thanh Hoa,Vietnam
178485,Peliyagoda,Sri Lanka
234333,Xuan Bang,Vietnam
182050,Taytay,Philippines
734716,Busung Indah,Indonesia
716346,Botum Sakor,Cambodia
671704,Sayaboury,Laos
216614,Ap Thap Muoi,Vietnam
115695,Gia Lam,Vietnam
734899,Tongano Barat,Indonesia
728046,Milagros,Philippines
719783,San Jose de Buenavista,Philippines
710652,Maninjau,Indonesia
734885,Benteng Selatan,Indonesia
728075,Slawi,Indonesia
206473,Pakham,Thailand
712661,San Leonardo,Philippines
513323,Muara Enim,Indonesia
214330,Phanna Nikhom,Thailand
725516,Utarom,Indonesia
390129,Lamongan,Indonesia
709529,Painan,Indonesia
716362,Prasat Sambour,Cambodia
734737,Puspanegara,Indonesia
734777,Sungai Danau,Indonesia
711978,Sangkulirang,Indonesia
512820,Marinduque,Philippines
720022,Pamalican Island,Philippines
161771,Bontang,Indonesia
181894,Tacloban,Philippines
702020,Burgos (Surigao),Philippines
720026,San Felipe,Philippines
180131,San Jose (Nueva Ecija),Philippines
178649,Pili,Philippines
728039,Marabut,Philippines
734788,Maratua Payung-payung,Indonesia
709492,Bau-Bau,Indonesia
737589,Irosin,Philippines
737290,Gò Công,Vietnam
219537,Buon Buor,Vietnam
218832,Ban Yen Nhan,Vietnam
224719,Lai Son,Vietnam
669514,Wiang Kaen (Chiang Rai),Thailand
206715,Phutthaisong,Thailand
728005,Phuoc Long (Binh Phuoc),Vietnam
717277,Anambas Islands,Indonesia
734719,Naibos,Indonesia
734726,Air Itam,Indonesia
736093,Banga (South Cotabato),Philippines
737398,Kuantan Singingi Regency,Indonesia
734932,Kota Pari,Indonesia
734870,Tembilahan Kota,Indonesia
725255,Babo,Indonesia
737475,Luisiana,Philippines
246861,Magetan,Indonesia
728078,Sungai Penuh,Indonesia
161644,Bulak,Indonesia
232702,Tuy Phong,Vietnam
231205,Thon Co Luy,Vietnam
161672,Kalibata,Indonesia
734736,Cibeureum,Indonesia
720426,Santa Maria,Philippines
220906,Da Tham,Vietnam
736594,Rattota,Sri Lanka
737302,Bansud,Philippines
710934,Ta Khmau,Cambodia
214110,Na Muen,Thailand
710198,Athurugiriya,Sri Lanka
734818,Juanga,Indonesia
161869,Bima,Indonesia
161838,Merapi,Indonesia
21936,Serang,Indonesia
734919,Tarantang,Indonesia
206650,Phop Phra,Thailand
115712,Nhon Trach,Vietnam
161892,Sunggal,Indonesia
161758,Situbondo,Indonesia
161641,Bintang,Indonesia
734790,Pulau Derawan,Indonesia
736320,Poso,Indonesia
224649,La Phu,Vietnam
214377,Phra Nakhon Si Ayutthaya,Thailand
224877,Lang Chieu,Vietnam
172000,Garcia,Philippines
734746,Sumberejo,Indonesia
169818,Concepcion,Philippines
215124,Phu Tho,Vietnam
223205,Huyen Kon Plong,Vietnam
115661,Ben Luc,Vietnam
734831,Setanggor,Indonesia
115651,Hung Yen,Vietnam
706227,Blora,Indonesia
221899,Dong Xoai,Vietnam
161643,Buaran,Indonesia
161640,Banjar,Indonesia
213679,Kaset Sombun,Thailand
256219,Ban Keun,Laos
232764,Van Don,Vietnam
221946,Duc Khe,Vietnam
214649,Suwannaphum,Thailand
709813,Batang,Indonesia
79615,Koh Kong,Cambodia
734741,Cisurupan,Indonesia
161742,Temanggung,Indonesia
734896,Waha,Indonesia
716210,Dehiattakandiya,Sri Lanka
705965,Kidapawan City,Philippines
19404,Wamena,Indonesia
734889,Patikarya,Indonesia
737417,Bantaeng,Indonesia
700534,Trece Martires,Philippines
181322,Solano,Philippines
514500,Padre Burgos (Quezon),Philippines
214227,Nong Prue,Thailand
705975,Cotabato City,Philippines
178324,Pandi,Philippines
702179,Atimonan,Philippines
204054,Bac Kan,Vietnam
390203,Antique,Philippines
226401,Meo Vac,Vietnam
702041,Agam,Indonesia
737567,Bireuen,Indonesia
513360,Oroquieta City,Philippines
705970,Midsayap,Philippines
713207,San Francisco,Philippines
728070,Tuba,Philippines
220856,Da Breline,Vietnam
738785,Tobelo,Indonesia
702148,Morong,Philippines
705977,Mangaldan,Philippines
183302,Villareal,Philippines
671676,Monaragala,Sri Lanka
709102,Nabua,Philippines
230827,Thanh Chuong,Vietnam
736094,Baganga,Philippines
737763,Srayang,Cambodia
719234,Ivisan,Philippines
734947,Mayangan,Indonesia
734851,Watu Nggene,Indonesia
734880,Kampoti,Indonesia
716186,Pinrang,Indonesia
710183,Ambarawa,Indonesia
161745,Bambu,Indonesia
737653,Kandeman,Indonesia
222541,Hau Giang,Vietnam
737460,Koslanda,Sri Lanka
204945,Kaset Wisai,Thailand
725492,Tahuna,Indonesia
167464,Bandaragama,Sri Lanka
216211,Ap Nguyen Thai Hoc,Vietnam
728057,San Luis,Philippines
737426,Sidikalang,Indonesia
734921,Lubuk Alung,Indonesia
737463,Tayug,Philippines
728058,Bongabon,Philippines
227246,Nam Pi,Vietnam
716363,Puok,Cambodia
174334,Jasaan,Philippines
169804,Commonwealth,Philippines
737378,Subang,Indonesia
723913,Moung Ruessei,Cambodia
167619,Bato,Philippines
204070,Tra Vinh,Vietnam
737339,Sinjai,Indonesia
734848,Sarotari,Indonesia
169075,Canlaon,Philippines
161776,Gedung,Indonesia
736183,Kaoh Sdach,Cambodia
246855,King Island (Koh Sdech),Cambodia
725363,Kolaka,Indonesia
737396,Wajo,Indonesia
232725,Uong Bi,Vietnam
734850,Liang Ndara,Indonesia
734775,Belimbing Baru,Indonesia
725481,Sintang,Indonesia
728049,Mamburao,Philippines
701006,Kampong Chhnang,Cambodia
726303,Kalthota,Sri Lanka
720023,Pinamalayan,Philippines
702151,Hinigaran,Philippines
217097,Ban Bang,Vietnam
708935,Porac,Philippines
161780,Anggrek,Indonesia
702136,Mati,Philippines
734824,Lembar,Indonesia
737384,Tagkawayan,Philippines
737211,Bua,Indonesia
734924,Timbangan,Indonesia
711749,Maragusan,Philippines
737400,Parigi Moutong Regency,Indonesia
214952,Lien Huong,Vietnam
231976,Tinh Bien,Vietnam
737392,Rokan Hulu Regency,Indonesia
709713,Calumpit,Philippines
716208,Dehiovita,Sri Lanka
736593,Wilgamuwa,Sri Lanka
728030,Bugallon,Philippines
737419,Majene,Indonesia
705376,Real,Philippines
737489,Mansalay,Philippines
737325,San Agustin (Surigao del Sur),Philippines
161772,Perjiwa,Indonesia
734908,Kalinaun,Indonesia
706695,Wonogiri,Indonesia
167648,Bayawan,Philippines
227928,O Mon,Vietnam
711739,Marilao,Philippines
734859,Patiala Bawa,Indonesia
228819,Phuong Phi,Vietnam
728069,Dipaculao,Philippines
513157,Bontoc,Philippines
734935,Karang Tengah,Indonesia
170423,Dolores,Philippines
737409,Watulimo,Indonesia
737447,South Ogan Komering Ulu,Indonesia
220971,Dai Lanh,Vietnam
226146,Luong Oai,Vietnam
737667,Solok,Indonesia
161881,Abadi,Indonesia
221674,Dong Giang,Vietnam
728009,An Son (Kien Giang),Vietnam
734765,Sumbermujur,Indonesia
222504,Hang Thau,Vietnam
737250,Ngebel,Indonesia
737432,Dilasag,Philippines
734806,Daik,Indonesia
737413,Senduro,Indonesia
220859,Da Cay,Vietnam
222761,Hoang Su Phi,Vietnam
709705,Clarin,Philippines
180137,San Juan,Philippines
734753,Kutoarjo,Indonesia
734786,Manggar,Indonesia
734770,Sendang,Indonesia
166507,Allen,Philippines
716351,Kampong Leav,Cambodia
737487,Đa Nhim,Vietnam
734825,Peresak,Indonesia
217917,Ban Na Ba,Vietnam
161662,Cimanggis,Indonesia
221872,Dong Trieu,Vietnam
161810,Kampungjawa,Indonesia
725258,Banda Aceh,Indonesia
737512,Sanchez Mira,Philippines
716355,Khsach Kandal,Cambodia
702153,Kitaotao,Philippines
736324,Dobo,Indonesia
178731,Plaridel (Misamis Occidental),Philippines
738819,Cuyapo,Philippines
728043,Pio V. Corpus,Philippines
230557,Tang Klang,Vietnam
669666,Phu Tho (Phu Tho),Vietnam
178313,Panabo,Philippines
161751,Lebo,Indonesia
734762,Tepas,Indonesia
168721,Bukidnon,Philippines
736095,Pantabangan,Philippines
231650,Thu Dau Mot,Vietnam
229784,Riong Serignac,Vietnam
728053,Jala-Jala,Philippines
720496,Palauig,Philippines
19660,Rattanakiri,Cambodia
716198,Madampe,Sri Lanka
736626,Ruwanwella,Sri Lanka
669541,Ja-Ela,Sri Lanka
737359,Karangkandri,Indonesia
734945,Saukabu,Indonesia
720978,Sing Cong,Vietnam
736624,Kalawana,Sri Lanka
708949,Pambujan,Philippines
728052,Maragondon,Philippines
702319,Tayabas,Philippines
734827,Labulia,Indonesia
706686,Purworejo,Indonesia
222377,Ha Hoi,Vietnam
219731,Buon Mhang,Vietnam
223058,Huyen Can Giuoc,Vietnam
220855,Da Binh,Vietnam
734802,Sebong Lagoi,Indonesia
227375,Nga Son,Vietnam
734795,Long Wehea,Indonesia
225104,Lang Khiem,Vietnam
513242,Ampara,Sri Lanka
737237,Lubao,Philippines
701449,Busuanga,Philippines
213524,Chat Trakan,Thailand
728029,Baras,Philippines
669628,,Sri Lanka
716206,Pitabeddara,Sri Lanka
728059,Manaoag,Philippines
716356,Kien Svay,Cambodia
702263,Malitbog,Philippines
700532,Tagbilaran City,Philippines
737565,Alcala,Philippines
737486,East Halmahera Regency,Indonesia
737943,Pilar (Sorsogon),Philippines
734780,Sei Pinang,Indonesia
734808,Murni Jaya,Indonesia
737450,Luwu Regency,Indonesia
712522,Nunukan,Indonesia
215297,An Khe,Vietnam
728073,San Luis (Aurora),Philippines
717026,Thateng,Laos
734906,Hutan,Indonesia
702227,Guihulngan,Philippines
720014,Jimalalud,Philippines
671730,Lakewood,Philippines
711919,Welimada,Sri Lanka
226346,Manline,Vietnam
181977,Tanauan,Philippines
227612,Nguyet Hang,Vietnam
512788,Poipet,Cambodia
716200,Mahawewa,Sri Lanka
222357,Ha Chue,Vietnam
115663,Tân An,Vietnam
728071,Mallig,Philippines
178365,Parañaque,Philippines
106084,Thakhek,Thailand
233232,Xa Trang Bom,Vietnam
737559,Cunca Wulang,Indonesia
734890,Bonto Lempangan,Indonesia
728050,Malilipot,Philippines
228632,Phum Banteai Dek,Vietnam
734722,Belolaut,Indonesia
734751,Banyubiru,Indonesia
728032,Roxas,Philippines
671679,Tanjay City,Philippines
737549,Muang Fuong,Laos
181415,Soriano,Philippines
213894,Kuchinarai,Thailand
717279,Badung,Indonesia
737705,Apalit,Philippines
737521,Tomas Oppus,Philippines
737518,San Ildefonso,Philippines
734918,Sarilamak,Indonesia
728055,Dinalupihan,Philippines
711906,Ipalogama,Sri Lanka
734852,Nangamese,Indonesia
709103,Pasacao,Philippines
737684,Madrid,Philippines
737547,Tabundung,Indonesia
709117,Calabanga,Philippines
224255,Koc Pai,Vietnam
223330,Huyen Quynh Luu,Vietnam
223849,Khe Sanh,Vietnam
734917,Pasakiat Teileleu,Indonesia
213837,Khura Buri,Thailand
175782,Locsin,Philippines
230888,Thanh Pho Da Lat,Vietnam
737529,Aritao,Philippines
161784,Bengkalis,Indonesia
734877,Rambah,Indonesia
222448,Hai Hau,Vietnam
734849,Komodo,Indonesia
715373,Cavinti,Philippines
215683,Ap Cho Dinh,Vietnam
702260,Hinunangan,Philippines
710249,Batukaras,Indonesia
224558,Krela Goul,Vietnam
669497,Na Pho (Buriram),Thailand
233155,Xa Gia Tan,Vietnam
728011,Thai Hoa (Nghe An),Vietnam
230901,Thanh Pho Vung Tau,Vietnam
734723,Mentok,Indonesia
734749,Karangputat,Indonesia
175839,Lopez,Philippines
734913,Kamang Hilir,Indonesia
734767,Tegalrejo,Indonesia
215317,An Ma,Vietnam
732942,Boten,Laos
709100,Ligao,Philippines
734860,Kalembu Kaha,Indonesia
734747,Samiran,Indonesia
512856,Cianjur,Indonesia
737418,Tana Tidung,Indonesia
737402,Pelalawan,Indonesia
734846,Kuang,Indonesia
734750,Bawu,Indonesia
734879,Topoyo,Indonesia
232305,Tram Chim,Vietnam
219886,Cai Lay,Vietnam
217051,Bai Man,Vietnam
716199,Dankotuwa,Sri Lanka
716354,Kandal Stueng,Cambodia
230474,Tan Giang,Vietnam
734756,Rejosari,Indonesia
734883,Kalegowa,Indonesia
220863,Da Dang,Vietnam
232745,Van Chan,Vietnam
161613,Kuning,Indonesia
737678,Banaybanay,Philippines
218121,Ban Ngoa,Vietnam
726304,Addalaichenai,Sri Lanka
229464,Poum Ban,Vietnam
234483,Ye Yen Sun Cay,Vietnam
720033,Ternate,Philippines
512911,Pagadian,Philippines
702287,Manapla,Philippines
737236,Nabunturan,Philippines
734861,Kadumbul,Indonesia
226805,Truong Ha,Vietnam
737654,Agdangan,Philippines
216938,Ba Tri,Vietnam
734794,Margomulyo,Indonesia
737393,Polewali Mandar,Indonesia
738807,Mahayag,Philippines
734923,Lubuk Kupang,Indonesia
167642,Bautista,Philippines
734842,Maluk,Indonesia
161766,Sungkai,Indonesia
737668,Pililla,Philippines
161710,Sukamanah,Indonesia
734781,Pegatan Hulu,Indonesia
183618,Welisara,Sri Lanka
204603,Doi Tao,Thailand
709118,Arayat,Philippines
737669,San Antonio (Nueva Ecija),Philippines
161764,Siantan,Indonesia
737704,Science City of Munoz,Philippines
233407,Xom Bung Dia,Vietnam
214371,Phong Prasat,Thailand
735549,Minneriya,Sri Lanka
180948,Silay City,Philippines
736611,Malimbada,Sri Lanka
216020,Ap Lam Phu,Vietnam
230218,Suoi Rem,Vietnam
219041,Bidong,Vietnam
220870,Da Han,Vietnam
215067,Chieng Cang,Vietnam
222744,Hoang Le,Vietnam
713206,Tangalan,Philippines
233332,Xom Bai Diep,Vietnam
736233,Svay Leu,Cambodia
173735,Horana,Sri Lanka
734914,Magek,Indonesia
716196,Kolonna,Sri Lanka
728026,Sara,Philippines
669665,Kampong Speu,Cambodia
705348,Hindang,Philippines
736090,Telbang,Philippines
671725,Ko Phaluai,Thailand
229985,Soc Cup De,Vietnam
712008,Anda,Philippines
734738,Sukaresmi,Indonesia
227534,Ngoc Quang,Vietnam
214403,Phu Phiang,Thailand
226109,Lung Tiem,Vietnam
720018,Murcia,Philippines
231195,Thon Cat Loi,Vietnam
222985,Huu Lung,Vietnam
161731,Paras,Indonesia
219223,Bo Trach,Vietnam
738823,Sual,Philippines
219215,Bo Son,Vietnam
728031,Binalonan,Philippines
734869,Tembilahan Hilir,Indonesia
736596,Pannala,Sri Lanka
716204,Siyambalanduwa,Sri Lanka
736522,Hingurakgoda,Sri Lanka
513315,Dodanduwa,Sri Lanka
736618,Ingiriya,Sri Lanka
735686,Hatton,Sri Lanka
711016,Uswetakeiyawa,Sri Lanka
218499,Ban Suoi Hoi,Vietnam
216222,Ap Nhon Duc,Vietnam
737394,Donggala,Indonesia
738822,Del Gallego,Philippines
719584,Tellippalai,Sri Lanka
700533,Tangub City,Philippines
737719,Magallanes (Cavite),Philippines
734844,Pasir Putih,Indonesia
217141,Ban Bon,Vietnam
161664,Dalung,Indonesia
222641,Ho To,Vietnam
734891,Salenrang,Indonesia
710582,Krui,Indonesia
161658,Cikeasudik,Indonesia
734864,Manamas,Indonesia
734734,Pasirlangu,Indonesia
705326,Lebak,Indonesia
734822,Poja,Indonesia
725455,Raha,Indonesia
736092,Ajuy,Philippines
737209,Labuha,Indonesia
737214,Bumi Raya,Indonesia
734892,Bente,Indonesia
213700,Khao Chamao,Thailand
219951,Cam Pha Port,Vietnam
718706,Bulalacao,Philippines
709487,Gapan,Philippines
716211,Palagala,Sri Lanka
221396,Dien Ban,Vietnam
729822,Sudipen,Philippines
710711,Muaratewe,Indonesia
513490,Cabadbaran,Philippines
734809,Banda Neira,Indonesia
728054,Paete,Philippines
228411,Phu Cat,Vietnam
221016,Dak Ben,Vietnam
231645,Thot Not,Vietnam
725044,Estancia,Philippines
221745,Dong Luy Tay,Vietnam
734837,Suela,Indonesia
231553,Thon Tri Thuy,Vietnam
181270,Soccoro,Philippines
736586,Kinniya,Sri Lanka
736263,Rantetayo,Indonesia
513656,Bajawa,Indonesia
230886,Thanh Pho Buon Ma Thuot,Vietnam
173844,Hunnasgiriya,Sri Lanka
220186,Cham Ta Lao,Vietnam
215087,Hoa Loi,Vietnam
734782,Kumai Hulu,Indonesia
180065,San Antonio,Philippines
222738,Hoang Hoa,Vietnam
176467,Mawanella,Sri Lanka
230081,Song Be,Vietnam
705351,Kalkudah,Sri Lanka
228475,Phu Luu,Vietnam
176332,Marigondon,Philippines
712023,Pagbilao,Philippines
216050,Ap Loc Lam,Vietnam
709704,Calamba (Misamis Occidental),Philippines
222949,Huong Tan Lac,Vietnam
161687,Padurenan,Indonesia
737658,Santa Maria (Laguna),Philippines
734731,Tungkal,Indonesia
737743,Buenavista,Philippines
221949,Duc Lap,Vietnam
734721,Puput,Indonesia
737277,Buug,Philippines
710231,Ban Phathok,Laos
710644,Makumbura,Sri Lanka
736180,Tonpheung,Laos
219955,Cam Ranh,Vietnam
169112,Capiz,Philippines
206403,Pa Daet,Thailand
734712,Mon Ikeun,Indonesia
736599,Kattankudy,Sri Lanka
223384,Huyen Thanh Son,Vietnam
709104,Santa Magdalena,Philippines
227384,Ngai Giao,Vietnam
226631,My Lai,Vietnam
229517,Quan Chin,Vietnam
728066,Concepcion (Iloilo),Philippines
737295,West Banyak Island,Indonesia
171869,Gabaldon,Philippines
709708,Lopez Jaena,Philippines
719051,Nam Bak,Laos
180171,San Miguel,Philippines
223169,Huyen Hoa Lu,Vietnam
736597,Narammala,Sri Lanka
720975,Thuan An (Binh Duong),Vietnam
734763,Sumber Rejo,Indonesia
161723,Jati,Indonesia
205984,Non Din Daeng,Thailand
223020,Huyen Bac Ha,Vietnam
229572,Quan Son Tra,Vietnam
223290,Huyen Ninh Son,Vietnam
710173,Agno,Philippines
229510,Quan Binh Thanh,Vietnam
218903,Bao Lam,Vietnam
734819,Lifao,Indonesia
738774,Tigaon,Philippines
179054,Puerto Princesa City,Philippines
223175,Huyen Hoang Hoa,Vietnam
728056,San Simon,Philippines
223031,Huyen Bat Xat,Vietnam
175188,La Carlota,Philippines
229663,Quang Uyen,Vietnam
732842,Nagcarlan,Philippines
671709,Preah Vihear,Cambodia
513428,Siharaja,Sri Lanka
728007,Chau Thanh A,Vietnam
230889,Thanh Pho Hai Phong,Vietnam
222292,Go Dau Ha,Vietnam
710748,Nongkhiaw,Laos
737623,Morowali Regency,Indonesia
735691,Wang Chao,Thailand
220109,Cau Ke,Vietnam
167654,Bayombong,Philippines
179064,Pulilan,Philippines
734936,Purwosari,Indonesia
734821,Guraping,Indonesia
710339,Cikujang,Indonesia
223067,Huyen Chau Duc,Vietnam
221760,Dong Nai,Vietnam
168185,Bocaue,Philippines
738812,Gingoog,Philippines
710415,Galuke,Sri Lanka
736615,Palindanuwara,Sri Lanka
512902,Bislig,Philippines
220874,Da Jrang,Vietnam
215197,A Luoi,Vietnam
725418,Nabire,Indonesia
737333,Maumbi,Indonesia
734758,Sarongan,Indonesia
738801,Santa Catalina,Philippines
736236,Krong Svay Rieng,Cambodia
728062,Lugait,Philippines
734796,Sangatta Selatan,Indonesia
230399,Tam Diep,Vietnam
709715,Rizal (Palawan),Philippines
180450,Santolan,Philippines
226074,Lung Nieo,Vietnam
716372,Tram Kak,Cambodia
513230,Wennappuwa,Sri Lanka
720028,Santa Rita (Pampanga),Philippines
226149,Luong Phuoc,Vietnam
220165,Cha Lao,Vietnam
734714,Matang,Indonesia
711833,Matugama,Sri Lanka
223306,Huyen Phu Quoc,Vietnam
223444,Huyen Van Don,Vietnam
168814,Buttala,Sri Lanka
222008,Duong Luat,Vietnam
738815,Tinglayan,Philippines
161719,Colo,Indonesia
734745,Balekambang,Indonesia
734931,Sibuhuan Jae,Indonesia
161727,Kartosuro,Indonesia
217010,Bac Yen,Vietnam
709723,Takengon,Indonesia
710945,Tam dao,Vietnam
734713,Pulau Baguk,Indonesia
221085,Dak Nhe,Vietnam
716370,Thma Bang [Duplicate with 710954],Cambodia
19627,Jawa Timur (East Java),Indonesia
720015,Libmanan,Philippines
705350,Panukulan,Philippines
182113,Teresa,Philippines
220857,Da But,Vietnam
207020,Seka,Thailand
736327,Alor Island,Indonesia
220423,Chong Bat,Vietnam
224131,Kieu Ky,Vietnam
178270,Palanan,Philippines
708938,Capul,Philippines
671656,Sariaya (Quezon),Philippines
220331,Chinh Trung,Vietnam
167408,Balete (Batangas),Philippines
712643,Lanuza,Philippines
170221,Del Pilar,Philippines
167347,Bahay Toro,Philippines
176414,Masilang,Philippines
161791,Cikini,Indonesia
167720,Bel-Air Four,Philippines
182070,Tejeros,Philippines
710994,Tuk Tuk,Indonesia
1542,Mount Lavinia,Sri Lanka
710799,Phumi Ta Ros,Cambodia
702034,Xam Neua,Laos
713012,Santa Fe,Philippines
178414,Pasig,Philippines
177415,New Manila,Philippines
161713,Ton Kiv,Indonesia
178418,Pasong Tamo,Philippines
710942,Talawatugoda,Sri Lanka
170059,Culiculi,Philippines
174352,Jesus De La Peña,Philippines
171607,Forestry,Philippines
710510,Kadirana North,Sri Lanka
166334,Airmen Village,Philippines
221247,Dao Lang,Vietnam
710710,Muarakarang,Indonesia
174635,Kasilawan,Philippines
176325,Maricaban,Philippines
222958,Huong Tra,Vietnam
712953,Daluwekotuwa,Sri Lanka
223035,Huyen Binh Chanh,Vietnam
170339,Diezmo,Philippines
221943,Duc Hoa,Vietnam
170038,Cubacub,Philippines
176133,Majon,Philippines
213388,Bang Nai Si,Thailand
